world_rank,institution,country,national_rank,quality_of_education,alumni_employment,quality_of_faculty,publications,influence,citations,broad_impact,patents,score
1,Harvard University,USA,1,1,1,1,1,1,1,1,3,100
2,Stanford University,USA,2,9,2,4,5,3,3,4,10,99.8
3,Massachusetts Institute of Technology,USA,3,3,11,2,15,2,2,2,1,99.6
4,University of Cambridge,United Kingdom,1,2,10,5,11,6,12,13,48,99.4
5,University of Oxford,United Kingdom,2,7,13,10,7,12,7,9,15,99.2
6,Columbia University,USA,4,13,6,9,13,13,11,12,4,99
7,"University of California, Berkeley",USA,5,5,21,6,10,4,4,7,29,98.8
8,University of Chicago,USA,6,11,14,8,17,16,12,22,141,98.6
9,Princeton University,USA,7,4,15,3,72,25,24,33,225,98.4
10,Cornell University,USA,8,12,18,14,24,15,25,22,11,98.2
11,Yale University,USA,9,10,26,11,18,8,35,20,49,98
12,California Institute of Technology,USA,10,6,328,7,53,9,19,25,13,97.8
13,University of Tokyo,Japan,1,16,3,38,14,19,31,29,7,97.6
14,University of Pennsylvania,USA,11,20,4,28,8,18,14,9,14,97.4
15,"University of California, Los Angeles",USA,12,28,27,13,6,14,8,6,9,97.2
16,Johns Hopkins University,USA,13,18,84,16,4,11,5,3,2,97
17,Kyoto University,Japan,2,22,16,24,30,42,88,60,16,96.8
18,New York University,USA,14,32,22,18,47,29,46,32,43,96.6
19,"University of Michigan, Ann Arbor",USA,15,24,17,140,3,20,6,14,12,96.4
20,Swiss Federal Institute of Technology in Zurich,Switzerland,1,17,64,17,44,27,39,79,57,96.2
21,"University of California, San Diego",USA,16,36,567,19,16,5,15,15,17,96
22,Northwestern University,USA,17,163,12,104,27,34,27,26,42,95.8
23,Hebrew University of Jerusalem,Israel,1,15,164,15,120,97,368,143,35,95.6
24,Seoul National University,South Korea,1,367,9,218,36,163,146,112,6,95.4
25,University of Wisconsinâ€“Madison,USA,18,29,29,34,21,24,22,27,27,95.2
26,"University of California, San Francisco",USA,19,367,567,20,22,7,15,11,56,95
27,University College London,United Kingdom,3,21,447,27,12,22,15,18,67,94.8
28,Duke University,USA,20,74,31,56,19,23,15,16,33,94.6
29,Rockefeller University,USA,21,49,567,12,372,28,115,70,289,94.4
30,University of Texas at Austin,USA,22,75,36,25,48,50,26,71,38,94.2
31,University of Washington - Seattle,USA,23,48,103,41,9,10,10,5,40,94
32,University of Toronto,Canada,1,70,51,32,2,17,9,8,145,93.8
33,University of Illinois at Urbana Champaign,USA,24,33,75,21,40,48,42,74,65,93.6
34,Keio University,Japan,3,284,5,218,309,246,368,270,80,93.4
35,Imperial College London,United Kingdom,4,90,82,30,19,26,23,19,47,93.2
36,?cole Polytechnique,France,1,98,7,216,327,314,234,295,172,93
37,?cole normale sup¨¦rieure - Paris,France,2,8,502,54,379,157,645,295,871,92.8
38,Waseda University,Japan,4,288,8,218,406,389,368,388,248,92.6
39,Weizmann Institute of Science,Israel,2,19,567,22,246,63,234,143,45,92.4
40,University of North Carolina at Chapel Hill,USA,25,124,69,86,32,32,19,21,41,92.2
41,University of Virginia,USA,26,209,20,126,94,74,88,90,97,92
42,McGill University,Canada,2,34,37,75,33,53,44,34,132,91.8
43,"Purdue University, West Lafayette",USA,27,55,33,47,75,95,68,117,28,91.6
44,Dartmouth College,USA,28,40,19,218,246,167,136,154,63,91.4
45,Osaka University,Japan,5,46,39,75,50,58,182,67,18,91.2
46,University of Pittsburgh - Pittsburgh Campus,USA,29,79,169,218,25,57,21,24,50,91
47,"Pennsylvania State University, University Park",USA,30,230,44,62,49,43,28,38,92,90.8
48,"University of Minnesota, Twin Cities",USA,31,63,130,63,23,40,31,28,59,90.6
49,"Ohio State University, Columbus",USA,32,96,87,82,28,52,31,38,44,90.4
50,Rutgers University-New Brunswick,USA,33,91,40,37,100,66,46,89,61,90.2
51,University of Southern California,USA,34,152,62,39,57,64,101,56,34,90
52,Washington University in St. Louis,USA,35,101,96,71,41,21,29,17,169,89.8
53,"University of California, Davis",USA,36,54,227,59,29,33,35,52,62,89.6
54,University of Colorado Boulder,USA,37,80,67,31,96,38,45,74,133,89.4
55,University of Edinburgh,United Kingdom,5,44,127,33,54,37,65,43,228,89.2
56,Peking University,China,1,182,38,218,52,131,182,125,20,89
57,National Taiwan University,Taiwan,1,92,25,218,46,223,182,204,695,88.8
58,University of Paris-Sud,France,3,26,393,26,73,86,115,97,324,88.6
59,Lomonosov Moscow State University,Russia,1,14,175,48,268,254,287,344,861,88.4
60,University of Florida,USA,38,214,276,96,37,73,46,59,5,88.2
61,Carnegie Mellon University,USA,39,25,160,23,211,225,78,150,165,88
62,University of British Columbia,Canada,3,81,275,93,26,36,37,34,81,87.8
63,Pierre-and-Marie-Curie University,France,4,30,404,88,31,35,68,63,87,87.6
64,"University of California, Santa Barbara",USA,40,133,280,29,111,59,46,55,77,87.4
65,National University of Singapore,Singapore,1,367,98,218,34,125,78,90,25,87.2
66,Boston University,USA,41,303,54,83,60,45,37,34,135,87
67,University of Manchester,United Kingdom,6,99,92,72,43,70,29,53,142,86.8
68,University of Arizona,USA,42,139,55,87,74,39,31,49,235,86.6
69,Vanderbilt University,USA,43,87,94,110,55,62,59,41,51,86.4
70,University of Utah,USA,44,97,105,67,97,65,101,90,19,86.2
71,Karolinska Institute,Sweden,1,149,567,36,51,54,52,34,743,86
72,"University of Maryland, College Park",USA,45,68,210,43,58,47,39,67,280,85.8
73,Tohoku University,Japan,6,41,170,218,68,127,115,119,22,85.6
74,University of Copenhagen,Denmark,1,117,149,64,38,31,59,31,432,85.4
75,University of Texas Southwestern Medical Center,USA,46,59,567,35,131,30,78,40,173,85.2
76,Ruprecht Karl University of Heidelberg,Germany,1,38,402,51,69,61,46,46,243,85
77,University of Notre Dame,USA,47,221,24,155,242,242,182,235,352,84.8
78,Tsinghua University,China,2,309,73,218,63,158,65,156,30,84.6
79,Ludwig Maximilian University of Munich,Germany,2,42,129,92,66,55,53,51,167,84.4
80,Georgia Institute of Technology,USA,48,135,60,218,107,152,78,106,36,84.2
81,University of Rochester,USA,49,72,53,113,114,118,68,79,64,84
82,Katholieke Universiteit Leuven,Belgium,1,367,202,218,35,92,53,46,74,83.8
83,Brown University,USA,50,64,43,73,121,67,76,99,200,83.6
84,Emory University,USA,51,367,146,116,67,60,93,41,55,83.4
85,Erasmus University Rotterdam,Netherlands,1,367,46,189,87,147,53,44,227,83.2
86,Tel Aviv University,Israel,3,77,107,50,98,117,136,154,39,83
87,Utrecht University,Netherlands,2,84,199,115,39,44,59,46,429,82.8
88,University of Sydney,Australia,1,105,198,166,45,103,46,84,75,82.6
89,"University of California, Irvine",USA,52,227,567,44,78,51,68,54,162,82.4
90,University of Texas MD Anderson Cancer Center,USA,53,367,567,80,93,72,42,29,71,82.2
91,Swiss Federal Institute of Technology in Lausanne,Switzerland,2,367,74,116,124,114,39,110,58,82
92,University of Geneva,Switzerland,3,35,191,42,122,77,115,79,321,81.8
93,University of Melbourne,Australia,2,141,113,218,42,68,53,71,223,81.6
94,King's College London,United Kingdom,7,27,190,114,76,116,101,74,188,81.4
95,Tufts University,USA,54,60,48,182,166,160,93,85,84,81.2
96,University of Zurich,Switzerland,4,115,389,85,56,46,68,56,137,81
97,Arizona State University,USA,55,367,455,66,143,85,76,140,21,80.8
98,Yonsei University,South Korea,2,367,45,218,140,326,321,235,23,80.6
99,University of Oslo,Norway,1,53,286,40,106,134,101,102,302,80.4
100,Kyushu University,Japan,7,367,49,218,152,182,264,200,37,80.2
101,Technical University of Munich,Germany,3,37,118,177,104,90,128,95,119,80
102,"Texas A&M University, College Station",USA,56,339,108,46,77,98,88,143,201,79.94444444
103,University of Queensland,Australia,3,269,292,142,65,78,101,99,68,79.88888888
104,Mines ParisTech,France,5,278,23,169,977,834,812,906,871,79.83333332
105,Case Western Reserve University,USA,57,50,215,195,137,106,59,74,111,79.77777776
106,Indiana University - Bloomington,USA,58,134,35,178,180,143,161,190,178,79.7222222
107,University of Alberta,Canada,4,169,151,153,62,109,82,103,116,79.66666664
108,Leiden University,Netherlands,3,120,567,102,82,94,53,56,260,79.61111108
109,Tokyo Institute of Technology,Japan,8,170,50,128,169,169,136,190,52,79.55555552
110,University of Groningen,Netherlands,4,313,193,196,64,96,68,67,316,79.49999996
111,University of Helsinki,Finland,1,56,551,111,80,79,88,65,420,79.4444444
112,Sapienza University of Rome,Italy,1,67,205,45,83,166,212,130,312,79.38888884
113,Georgetown University,USA,59,159,34,218,298,321,321,204,122,79.33333328
114,University of Amsterdam,Netherlands,5,109,317,212,70,88,93,60,282,79.27777772
115,Korea University,South Korea,3,367,58,218,172,411,321,273,26,79.22222216
116,University of Barcelona,Spain,1,367,226,218,61,108,93,83,215,79.1666666
117,Lund University,Sweden,2,136,466,169,85,135,53,60,871,79.11111104
118,Michigan State University,USA,60,112,162,218,88,123,65,111,136,79.05555548
119,Ghent University,Belgium,2,123,329,147,84,149,68,119,90,78.99999992
120,Rice University,USA,61,52,161,95,255,150,59,130,76,78.94444436
121,Baylor College of Medicine,USA,62,367,567,218,113,41,101,44,199,78.8888888
122,Aarhus University,Denmark,2,310,165,106,91,81,101,95,154,78.83333324
123,University of Bristol,United Kingdom,8,194,196,74,92,69,82,106,335,78.77777768
124,Uppsala University,Sweden,3,73,321,70,95,75,93,103,871,78.72222212
125,Nagoya University,Japan,9,39,322,53,138,140,146,195,78,78.66666656
126,Royal Institute of Technology,Sweden,4,199,30,105,221,300,321,318,797,78.611111
127,University of Colorado Denver,USA,63,367,567,140,135,110,128,66,72,78.55555544
128,University of Glasgow,United Kingdom,9,234,89,218,123,144,82,87,402,78.49999988
129,VU University Amsterdam,Netherlands,6,367,385,218,79,120,68,79,871,78.44444432
130,University of New South Wales,Australia,4,177,70,218,90,177,101,164,157,78.38888876
131,Paris Diderot University - Paris 7,France,6,127,567,68,105,56,115,97,483,78.3333332
132,University of S?o Paulo,Brazil,1,297,71,218,59,186,136,164,710,78.27777764
133,Western University (The University of Western Ontario),Canada,5,367,41,218,149,208,234,190,261,78.22222208
134,Radboud University Nijmegen,Netherlands,7,128,274,218,89,119,93,74,410,78.16666652
135,Nanyang Technological University,Singapore,2,367,567,218,102,361,212,204,32,78.11111096
136,Technion â€?Israel Institute of Technology,Israel,4,45,180,55,186,221,161,209,88,78.0555554
137,University of Miami,USA,64,367,241,218,159,130,82,112,73,77.99999984
138,Stony Brook University,USA,65,186,567,58,173,84,93,134,96,77.94444428
139,University of Texas at Dallas,USA,66,367,159,218,250,151,59,49,313,77.88888872
140,University of Nottingham,United Kingdom,10,131,109,84,116,176,146,140,138,77.83333316
141,University of Iowa,USA,67,233,296,167,103,83,115,112,121,77.7777776
142,Southern Methodist University,USA,68,179,28,218,624,655,368,646,824,77.72222204
143,Icahn School of Medicine at Mount Sinai,USA,69,367,567,218,160,71,161,63,101,77.66666648
144,Korea Advanced Institute of Science and Technology (KAIST),South Korea,4,367,194,218,183,283,368,289,8,77.61111092
145,Monash University,Australia,5,277,145,218,86,136,182,161,99,77.55555536
146,University of Alabama at Birmingham,USA,70,367,567,218,141,124,128,71,130,77.4999998
147,Free University of Berlin,Germany,4,76,548,128,109,80,234,90,461,77.44444424
148,University of Southampton,United Kingdom,11,329,95,218,115,133,101,130,334,77.38888868
149,University of the Witwatersrand,South Africa,1,61,32,172,442,237,321,447,291,77.33333312
150,McMaster University,Canada,6,222,268,163,127,156,101,87,222,77.27777756
151,University of Montreal,Canada,7,320,376,218,101,111,101,90,540,77.222222
152,University of Birmingham,United Kingdom,12,65,158,205,117,165,146,138,170,77.16666644
153,Humboldt University of Berlin,Germany,5,291,567,108,108,82,161,85,471,77.11111088
154,"University of California, Santa Cruz",USA,71,175,567,100,243,49,115,99,183,77.05555532
155,Albert Ludwig University of Freiburg,Germany,6,148,134,193,156,104,182,134,98,76.99999976
156,University of T¨¹bingen,Germany,7,69,490,103,142,122,146,115,226,76.9444442
157,University of Cincinnati,USA,72,188,86,218,150,171,128,127,263,76.88888864
158,University of Bonn,Germany,8,58,249,65,153,107,146,150,341,76.83333308
159,Wake Forest University,USA,73,265,83,218,249,244,128,125,124,76.77777752
160,University of Basel,Switzerland,5,83,363,60,167,100,136,130,486,76.72222196
161,University of Leeds,United Kingdom,13,62,157,218,133,141,136,150,265,76.6666664
162,University of Hamburg,Germany,9,314,136,135,147,126,101,127,677,76.61111084
163,Universit¨¦ libre de Bruxelles,Belgium,3,173,110,69,236,214,101,170,148,76.55555528
164,Indiana University-Purdue University Indianapolis,USA,74,367,492,218,187,190,125,122,79,76.49999972
165,Pohang University of Science and Technology,South Korea,5,367,567,218,285,355,212,281,24,76.44444416
166,Oregon Health & Science University,USA,75,367,567,128,184,115,125,105,144,76.3888886
167,University of Calgary,Canada,8,367,123,218,145,180,101,127,778,76.33333304
168,Stockholm University,Sweden,5,129,79,187,202,89,88,179,839,76.27777748
169,University of Padua,Italy,2,281,567,218,99,105,182,119,351,76.22222192
170,University of Hong Kong,Hong Kong,1,287,128,218,139,204,128,147,205,76.16666636
171,Yeshiva University,USA,76,200,567,218,195,91,161,109,128,76.1111108
172,University of Milan,Italy,3,162,441,182,118,189,212,106,438,76.05555524
173,University of Sheffield,United Kingdom,14,142,209,196,129,137,136,147,179,75.99999968
174,Technical University of Denmark,Denmark,3,351,510,202,220,230,161,216,46,75.94444412
175,"University of Maryland, Baltimore",USA,77,367,567,218,125,112,197,116,180,75.88888856
176,Goethe University Frankfurt,Germany,10,111,219,89,179,155,212,124,328,75.833333
177,University of G?ttingen,Germany,11,43,171,176,174,146,264,184,299,75.77777744
178,Hokkaido University,Japan,10,279,277,135,148,173,287,251,53,75.72222188
179,Australian National University,Australia,6,196,379,52,130,99,197,188,415,75.66666632
180,Shanghai Jiao Tong University,China,3,335,143,218,81,267,212,209,198,75.61111076
181,University of New Mexico,USA,78,367,567,218,223,170,82,147,100,75.5555552
182,University of Strasbourg,France,7,71,567,49,191,145,264,219,269,75.49999964
183,University of Massachusetts Medical School,USA,79,367,567,80,296,76,234,122,143,75.44444408
184,University of Houston,USA,80,367,42,218,310,257,511,349,156,75.38888852
185,"Trinity College, Dublin",Ireland,1,338,78,200,289,233,115,204,153,75.33333296
186,University of Lausanne,Switzerland,6,102,423,218,235,101,115,117,683,75.2777774
187,Iowa State University,USA,81,286,186,109,151,178,82,184,339,75.22222184
188,Joseph Fourier University,France,8,195,567,218,110,93,234,170,160,75.16666628
189,Wayne State University,USA,82,367,183,218,189,258,125,176,117,75.11111072
190,University of South Florida - Tampa,USA,83,367,418,218,233,251,197,164,70,75.05555516
191,Zhejiang University,China,4,367,309,218,71,290,368,265,106,74.9999996
192,Hanyang University,South Korea,6,367,168,218,286,471,368,396,31,74.94444404
193,University of Ottawa,Canada,9,223,163,218,171,194,212,134,496,74.88888848
194,University of Missouri Columbia,USA,84,250,88,98,222,226,161,242,150,74.83333292
195,Fudan University,China,5,367,203,218,112,252,368,204,123,74.77777736
196,University of Kansas,USA,85,228,91,218,212,161,161,235,127,74.7222218
197,University of Cologne,Germany,12,367,132,201,204,138,146,161,421,74.66666624
198,University of Georgia,USA,86,93,188,172,181,132,234,256,82,74.61111068
199,University of Liverpool,United Kingdom,15,176,179,207,154,172,128,174,377,74.55555512
200,University of Bern,Switzerland,7,184,526,213,163,128,93,159,433,74.49999956
201,Cardiff University,United Kingdom,16,321,218,143,178,153,146,170,193,74.444444
202,George Washington University,USA,87,192,56,218,301,227,264,235,326,74.38888844
203,University of Illinois at Chicago,USA,88,367,541,218,126,196,287,179,129,74.33333288
204,University of Erlangen-Nuremberg,Germany,13,231,554,218,176,202,146,134,361,74.27777732
205,University of M¨¹nster,Germany,14,113,421,174,170,192,136,174,192,74.22222176
206,Aix-Marseille University,France,9,218,451,218,119,87,182,197,230,74.1666662
207,Claude Bernard University Lyon 1,France,10,367,567,218,132,121,234,184,151,74.11111064
208,University of Bologna,Italy,4,350,348,218,136,281,212,161,354,74.05555508
209,Queen Mary University of London,United Kingdom,17,147,319,218,226,175,212,138,255,73.99999952
210,Dresden University of Technology,Germany,15,367,567,218,188,212,146,195,102,73.94444396
211,Sungkyunkwan University,South Korea,7,367,225,218,194,317,161,270,69,73.8888884
212,Newcastle University,United Kingdom,18,367,222,218,192,159,234,159,365,73.83333284
213,Karlsruhe Institute of Technology,Germany,16,356,208,131,193,280,146,247,103,73.77777728
214,"University of California, Riverside",USA,89,247,567,218,209,113,161,169,194,73.72222172
215,University of Kiel,Germany,17,193,487,198,232,183,161,143,310,73.66666616
216,University of Western Australia,Australia,7,156,306,145,146,181,368,179,399,73.6111106
217,Paris Descartes University,France,11,203,567,218,177,142,287,156,455,73.55555504
218,University of Connecticut,USA,90,296,259,218,168,193,197,190,186,73.49999948
219,University of Massachusetts Amherst,USA,91,212,141,159,198,191,212,200,356,73.44444392
220,Chinese University of Hong Kong,Hong Kong,2,100,479,116,162,356,212,209,168,73.38888836
221,University of Turin,Italy,5,315,450,163,206,278,197,150,613,73.3333328
222,University of Manitoba,Canada,10,157,93,155,261,308,212,256,175,73.27777724
223,University of Vienna,Austria,1,191,185,101,231,154,161,200,671,73.22222168
224,University of Montpellier,France,12,289,462,169,165,129,146,184,511,73.16666612
225,Maastricht University,Netherlands,8,367,567,218,185,354,234,156,281,73.11111056
226,National Cheng Kung University,Taiwan,2,367,52,218,164,485,812,388,436,73.055555
227,"University of Tennessee, Knoxville",USA,92,319,117,218,196,187,197,219,449,72.99999944
228,Complutense University of Madrid,Spain,2,86,68,214,215,309,368,335,256,72.94444388
229,Laval University,Canada,11,292,273,218,207,270,182,200,140,72.88888832
230,RWTH Aachen University,Germany,18,357,238,131,197,359,182,219,158,72.83333276
231,Universit¨¦ catholique de Louvain,Belgium,4,367,264,97,283,325,115,213,236,72.7777772
232,North Carolina State University,USA,93,251,228,218,157,206,182,242,161,72.72222164
233,Johannes Gutenberg University of Mainz,Germany,19,367,567,194,210,185,161,164,523,72.66666608
234,University of Texas Health Science Center at San Antonio,USA,94,367,567,218,314,229,197,140,315,72.61111052
235,Julius-Maximilian's University of W¨¹rzburg,Germany,20,106,391,168,216,179,287,179,369,72.55555496
236,Paul Sabatier University - Toulouse III,France,13,367,567,218,158,102,321,188,514,72.4999994
237,University of Gothenburg,Sweden,6,257,294,116,217,197,136,197,871,72.44444384
238,University College Dublin,Ireland,2,241,112,218,288,285,128,247,278,72.38888828
239,University of Science and Technology of China,China,6,367,192,218,128,269,368,247,452,72.33333272
240,University of Leicester,United Kingdom,19,367,567,218,258,139,197,170,385,72.27777716
241,Autonomous University of Barcelona,Spain,3,367,567,218,144,220,264,213,277,72.2222216
242,University of Dundee,United Kingdom,20,178,567,218,354,200,161,176,216,72.16666604
243,Norwegian University of Science and Technology,Norway,2,252,119,75,279,366,212,273,327,72.11111048
244,Nanjing University,China,7,342,362,218,134,358,234,265,164,72.05555492
245,Okayama University,Japan,11,367,288,218,353,335,287,318,60,71.99999936
246,London School of Hygiene & Tropical Medicine,United Kingdom,21,367,567,159,300,294,264,164,736,71.9444438
247,University of Florence,Italy,6,327,326,94,218,275,197,227,564,71.88888824
248,University of Cape Town,South Africa,2,104,126,146,319,236,234,265,268,71.83333268
249,University of Texas Health Science Center at Houston,USA,95,367,567,155,257,162,212,190,337,71.77777712
250,Moscow Institute of Physics and Technology,Russia,2,23,339,218,949,605,812,1000,839,71.72222156
251,University of D¨¹sseldorf,Germany,21,185,567,218,297,209,182,178,454,71.666666
252,Florida State University,USA,96,367,334,218,200,184,136,225,411,71.61111044
253,University of Sussex,United Kingdom,22,151,257,57,359,250,161,308,553,71.55555488
254,Thomas Jefferson University,USA,97,158,567,218,333,334,161,179,502,71.49999932
255,Delft University of Technology,Netherlands,9,307,300,218,224,224,264,247,146,71.44444376
256,Virginia Polytechnic Institute and State University,USA,98,283,152,218,201,264,234,285,181,71.3888882
257,University of Lisbon,Portugal,1,337,465,152,155,296,197,251,495,71.33333264
258,Drexel University,USA,99,367,233,218,362,338,287,273,91,71.27777708
259,Virginia Commonwealth University,USA,100,367,403,150,264,253,321,213,206,71.22222152
260,Oregon State University,USA,101,189,239,218,263,148,161,235,389,71.16666596
261,Durham University,United Kingdom,23,132,267,116,248,199,197,242,460,71.1111104
262,University of Tsukuba,Japan,12,202,567,107,230,255,212,242,213,71.05555484
263,University of Reading,United Kingdom,24,258,63,218,400,347,182,361,666,70.99999928
264,Lehigh University,USA,102,367,47,218,615,542,511,511,534,70.94444372
265,Medical University of Vienna,Austria,2,367,567,218,251,228,212,197,366,70.88888816
266,University of Auckland,New Zealand,1,235,419,218,253,260,234,256,125,70.8333326
267,University of Kentucky,USA,103,332,290,218,182,216,321,231,447,70.77777704
268,University of Naples Federico II,Italy,7,331,459,218,175,324,234,227,792,70.72222148
269,University of Waterloo,Canada,12,367,124,218,190,333,234,292,626,70.66666592
270,Charles University in Prague,Czech Republic,1,238,560,116,228,238,182,227,636,70.61111036
271,Colorado State University - Fort Collins,USA,104,211,493,148,244,203,234,231,257,70.5555548
272,Tulane University,USA,105,324,144,218,365,299,264,251,258,70.49999924
273,"University at Buffalo, The State University of New York",USA,106,367,398,218,203,298,287,235,237,70.44444368
274,Brandeis University,USA,107,51,342,78,549,195,428,330,249,70.38888812
275,Northeastern University,USA,108,316,125,218,370,312,264,362,86,70.33333256
276,Wageningen University and Research Centre,Netherlands,10,293,512,175,214,168,234,235,477,70.277777
277,Sun Yat-sen University,China,8,367,254,218,161,393,287,285,221,70.22222144
278,University of Ulm,Germany,22,367,471,131,290,231,321,209,594,70.16666588
279,London School of Economics,United Kingdom,25,78,65,91,503,739,264,590,871,70.11111032
280,Vrije Universiteit Brussel,Belgium,5,110,567,218,294,301,161,231,506,70.05555476
281,University of Delaware,USA,109,318,337,135,272,304,234,292,120,69.9999992
282,Rensselaer Polytechnic Institute,USA,110,137,142,218,402,346,182,292,210,69.94444364
283,University of Bergen,Norway,3,367,567,218,229,201,212,227,871,69.88888808
284,Queen's University,Canada,13,322,155,218,254,274,264,281,275,69.83333252
285,University of Aberdeen,United Kingdom,26,360,314,199,273,207,287,225,422,69.77777696
286,Dalhousie University,Canada,14,367,137,218,280,247,264,273,384,69.7222214
287,UmeÃ¥ University,Sweden,7,367,567,218,275,198,212,219,871,69.66666584
288,University of Duisburg-Essen,Germany,23,367,498,218,287,282,321,216,348,69.61111028
289,City College of New York,USA,111,31,187,218,680,422,511,590,358,69.55555472
290,Hiroshima University,Japan,13,367,567,218,304,287,428,273,112,69.49999916
291,University of Texas at San Antonio,USA,112,367,567,218,445,376,197,216,254,69.4444436
292,Hannover Medical School,Germany,24,367,567,218,322,245,287,219,308,69.38888804
293,University of Warwick,United Kingdom,27,210,444,116,205,239,161,308,234,69.33333248
294,University of Valencia,Spain,4,367,470,218,208,348,264,256,548,69.27777692
295,University of Pisa,Italy,8,273,473,218,227,360,212,255,528,69.22222136
296,Ruhr University Bochum,Germany,25,367,235,218,236,235,368,265,797,69.1666658
297,Medical College of Wisconsin,USA,113,367,567,218,337,284,321,219,659,69.11111024
298,University of Louisville,USA,114,367,484,218,338,405,368,300,105,69.05555468
299,University of Bordeaux,France,14,354,567,218,291,265,234,251,297,68.99999912
300,University of South Carolina - Columbia,USA,115,367,299,185,262,367,146,273,649,68.94444356
301,National and Kapodistrian University of Athens,Greece,1,367,200,218,245,416,428,273,871,68.888888
302,Leipzig University,Germany,26,326,567,208,281,266,511,242,364,68.83333244
303,Medical University of South Carolina,USA,116,367,567,218,316,364,287,231,508,68.77777688
304,Autonomous University of Madrid,Spain,5,367,460,218,225,256,321,262,443,68.72222132
305,Dalian University of Technology,China,9,367,104,218,313,667,511,409,131,68.66666576
306,Stellenbosch University,South Africa,3,367,66,218,520,503,321,486,219,68.6111102
307,Kyungpook National University,South Korea,8,367,412,218,355,625,321,413,66,68.55555464
308,University of Porto,Portugal,2,94,316,90,266,380,264,341,405,68.49999908
309,University of St Andrews,United Kingdom,28,145,506,218,308,188,321,281,189,68.44444352
310,Gwangju Institute of Science and Technology,South Korea,9,367,567,218,540,538,368,529,54,68.38888796
311,Chulalongkorn University,Thailand,1,367,57,218,584,734,511,558,871,68.3333324
312,University of Antwerp,Belgium,6,367,567,218,265,307,234,265,372,68.27777684
313,Xiamen University,China,10,367,80,218,331,493,645,409,467,68.22222128
314,University of Nebraska Lincoln,USA,117,165,207,218,278,262,234,311,456,68.16666572
315,Nankai University,China,11,334,135,218,282,454,321,334,419,68.11111016
316,University of Stuttgart,Germany,27,82,172,218,399,369,511,335,376,68.0555546
317,University of Rome Tor Vergata,Italy,9,367,557,218,267,272,287,262,816,67.99999904
318,University of Regensburg,Germany,28,367,303,218,302,241,287,270,522,67.94444348
319,Hong Kong University of Science and Technology,Hong Kong,3,367,359,218,256,466,368,300,185,67.88888792
320,Kobe University,Japan,14,95,240,116,368,271,321,335,301,67.83333236
321,University of Li¨¨ge,Belgium,7,143,567,144,317,218,234,300,285,67.7777768
322,Federal University of Rio de Janeiro,Brazil,2,125,116,218,305,330,645,381,295,67.72222124
323,Rush University,USA,118,367,567,218,427,404,197,260,871,67.66666568
324,University of Vermont,USA,119,198,256,218,357,288,368,285,397,67.61111012
325,University of York,United Kingdom,29,367,567,218,270,205,161,300,406,67.55555456
326,Boston College,USA,120,367,97,218,557,363,197,402,386,67.499999
327,University of Pavia,Italy,10,295,380,214,330,381,264,273,680,67.44444344
328,University of Jena,Germany,29,367,567,218,260,263,321,289,457,67.38888788
329,Vita-Salute San Raffaele University,Italy,11,367,567,218,478,279,321,260,871,67.33333232
330,University of Genoa,Italy,12,367,567,218,299,402,234,285,537,67.27777676
331,Tianjin University,China,12,367,77,218,348,934,428,606,245,67.2222212
332,Louisiana State University - Baton Rouge,USA,121,270,177,218,292,215,197,353,458,67.16666564
333,University of Exeter,United Kingdom,30,264,481,218,293,174,428,295,353,67.11111008
334,National Autonomous University of Mexico,Mexico,1,282,546,218,199,219,368,330,486,67.05555452
335,University of Adelaide,Australia,8,219,445,218,234,243,287,318,465,66.99999896
336,University of East Anglia,United Kingdom,31,206,567,179,349,211,146,313,500,66.9444434
337,York University,Canada,15,367,106,218,382,408,264,388,871,66.88888784
338,University of Navarra,Spain,6,367,76,218,578,722,511,503,645,66.83333228
339,University of Oregon,USA,122,346,567,218,378,217,161,295,729,66.77777672
340,"St George's, University of London",United Kingdom,32,367,567,218,554,476,368,262,648,66.72222116
341,Indian Institute of Technology Delhi,India,1,367,59,218,635,943,812,781,625,66.6666656
342,University of Trieste,Italy,13,367,443,218,395,286,287,281,616,66.61111004
343,Queen's University Belfast,United Kingdom,33,183,387,218,306,276,264,313,377,66.55555448
344,University of Perugia,Italy,14,367,567,116,375,332,428,289,642,66.49999892
345,Technical University of Berlin,Germany,30,85,271,218,360,412,368,388,177,66.44444336
346,University of Marburg,Germany,31,304,567,217,329,249,428,300,271,66.3888878
347,University of Innsbruck,Austria,3,197,397,112,430,222,287,311,442,66.33333224
348,Eindhoven University of Technology,Netherlands,11,367,347,186,306,549,321,318,279,66.27777668
349,Ben-Gurion University of the Negev,Israel,5,367,567,218,277,379,428,381,118,66.22222112
350,University of Oklahoma - Norman Campus,USA,123,367,150,218,383,240,234,362,474,66.16666556
351,Wesleyan University,USA,124,154,61,218,983,506,812,850,871,66.11111
352,University of Victoria,Canada,16,367,567,218,321,328,234,300,853,66.05555444
353,Kansas State University,USA,125,130,229,218,373,320,212,358,294,65.99999888
354,Hong Kong Polytechnic University,Hong Kong,4,367,166,218,259,764,511,375,329,65.94444332
355,Link?ping University,Sweden,8,367,237,218,323,401,368,324,871,65.88888776
356,University of Southern Denmark,Denmark,4,367,567,218,386,327,321,295,320,65.8333322
357,University of Otago,New Zealand,2,367,377,218,312,353,287,313,542,65.77777664
358,Justus Liebig University Giessen,Germany,32,367,567,218,332,357,264,313,309,65.72222108
359,University of New Hampshire,USA,126,367,318,79,531,273,234,362,596,65.66666552
360,College of William and Mary,USA,127,367,85,218,611,459,321,511,809,65.61110996
361,San Diego State University,USA,128,248,204,218,467,302,264,339,509,65.5555544
362,Simon Fraser University,Canada,17,367,567,218,284,303,368,324,381,65.49999884
363,University of Santiago de Compostela,Spain,7,367,489,218,385,600,287,373,126,65.44444328
364,Saint Louis University,USA,129,367,261,202,458,293,428,330,286,65.38888772
365,Colorado School of Mines,USA,130,367,81,218,668,601,321,565,690,65.33333216
366,University of Eastern Finland,Finland,2,367,567,218,374,388,321,300,861,65.2777766
367,University of Buenos Aires,Argentina,1,126,500,180,276,350,321,344,871,65.22222104
368,University of Guelph,Canada,18,367,483,218,325,277,146,344,445,65.16666548
369,University of Ferrara,Italy,15,367,567,218,416,392,287,300,656,65.11110992
370,Polytechnic University of Catalonia,Spain,8,367,330,218,371,576,368,540,85,65.05555436
371,Versailles Saint-Quentin-en-Yvelines University,France,15,367,567,218,443,232,264,308,839,64.9999988
372,Saarland University,Germany,33,367,375,218,392,434,428,318,367,64.94444324
373,City University of Hong Kong,Hong Kong,5,367,567,218,252,874,511,339,387,64.88888768
374,Darmstadt University of Technology,Germany,34,66,344,218,376,457,368,413,330,64.83333212
375,Pompeu Fabra University,Spain,9,367,567,218,397,164,428,318,604,64.77777656
376,Pontifical Catholic University of Chile,Chile,1,343,139,218,446,310,645,388,396,64.722221
377,University of Bari Aldo Moro,Italy,16,367,567,218,352,322,511,313,527,64.66666544
378,University of Texas Medical Branch at Galveston,USA,131,367,567,218,401,311,321,324,333,64.61110988
379,University of Delhi,India,2,240,72,218,703,763,812,796,797,64.55555432
380,"Washington State University, Pullman",USA,132,367,301,131,334,234,428,362,298,64.49999876
381,Temple University,USA,133,272,553,218,326,349,511,349,211,64.4444432
382,University of Milan - Bicocca,Italy,17,367,567,218,390,305,287,324,468,64.38888764
383,University of Turku,Finland,3,367,531,218,320,319,812,330,568,64.33333208
384,Chonnam National University,South Korea,10,367,547,218,405,589,511,437,109,64.27777652
385,University of Lorraine,France,16,216,213,190,311,342,321,437,208,64.22222096
386,National Chiao Tung University,Taiwan,3,367,206,218,240,651,428,413,871,64.1666654
387,Catholic University of the Sacred Heart,Italy,18,367,555,218,424,482,321,324,770,64.11110984
388,"University at Albany, SUNY",USA,134,180,567,165,411,374,212,353,531,64.05555428
389,Xi'an Jiaotong University,China,13,367,154,218,271,583,812,606,174,63.99999872
390,Ewha Womans University,South Korea,11,367,567,218,462,509,645,457,107,63.94444316
391,Jilin University,China,14,220,338,218,239,452,645,375,551,63.8888876
392,Tokyo Medical and Dental University,Japan,15,367,567,218,473,352,645,335,272,63.83333204
393,Scuola Normale Superiore di Pisa,Italy,19,263,567,61,548,526,321,503,871,63.77777648
394,University of Central Florida,USA,135,367,501,218,381,386,511,381,159,63.72222092
395,Innsbruck Medical University,Austria,4,367,567,218,469,413,812,324,678,63.66666536
396,Beijing Normal University,China,15,57,567,218,363,492,428,480,755,63.6111098
397,Polytechnic University of Milan,Italy,20,103,181,191,358,510,428,503,292,63.55555424
398,University of Seville,Spain,10,367,564,218,339,516,428,529,104,63.49999868
399,University of Nebraska Medical Center,USA,136,367,567,218,463,399,368,344,253,63.44444312
400,Huazhong University of Science and Technology,China,16,367,282,218,219,626,645,480,242,63.38888756
401,Kyung Hee University,South Korea,12,245,495,218,380,584,645,558,95,63.333332
402,Chalmers University of Technology,Sweden,9,361,311,218,367,426,428,349,871,63.27777644
403,Brigham Young University,USA,137,298,361,218,498,424,287,424,134,63.22222088
404,University of Campinas,Brazil,3,367,567,218,295,575,511,388,197,63.16666532
405,University of Bath,United Kingdom,34,367,368,218,388,378,287,353,478,63.11110976
406,Saint Petersburg State University,Russia,3,47,250,218,621,574,645,754,816,63.0555542
407,National Tsing Hua University,Taiwan,4,262,520,218,238,425,428,375,731,62.99999864
408,University of Twente,Netherlands,12,367,511,218,343,511,368,358,288,62.94444308
409,University of Alabama - Tuscaloosa,USA,138,325,140,218,511,490,368,471,314,62.88888752
410,Harbin Institute of Technology,China,17,367,244,218,241,847,645,437,375,62.83333196
411,University of Verona,Italy,21,367,567,218,508,464,212,341,736,62.7777764
412,Oklahoma State Universityâ€“Stillwater,USA,139,239,153,218,447,648,428,471,303,62.72222084
413,Shandong University,China,18,367,437,218,213,604,511,409,538,62.66666528
414,George Mason University,USA,140,367,567,98,450,371,264,388,526,62.61110972
415,Wuhan University,China,19,367,258,218,274,612,645,396,576,62.55555416
416,Swedish University of Agricultural Sciences,Sweden,10,146,567,218,393,268,428,353,871,62.4999986
417,Concordia University,Canada,19,367,99,218,545,745,645,590,718,62.44444304
418,Chiba University,Japan,16,367,567,218,361,343,368,362,267,62.38888748
419,Kumamoto University,Japan,17,308,353,218,495,441,428,409,152,62.33333192
420,Tongji University,China,20,153,115,218,346,480,645,671,373,62.27777636
421,Aalto University,Finland,4,367,224,218,336,403,645,424,246,62.2222208
422,Chonbuk National University,South Korea,13,367,567,218,507,774,812,646,83,62.16666524
423,Peking Union Medical College,China,21,367,567,218,324,297,368,358,797,62.11110968
424,Georgia Regents University,USA,141,367,567,218,482,418,368,341,481,62.05555412
425,University of Chile,Chile,2,242,173,218,418,351,645,424,489,61.99999856
426,Lancaster University,United Kingdom,35,367,360,218,364,398,234,369,673,61.944443
427,Vienna University of Technology,Austria,5,363,350,218,377,377,321,424,171,61.88888744
428,University of Denver,USA,142,312,101,218,901,522,511,590,760,61.83333188
429,University of Arkansas for Medical Sciences,USA,143,367,567,218,501,565,812,344,340,61.77777632
430,Grenoble Institute of Technology,France,17,144,567,188,328,520,428,388,345,61.72222076
431,University of Granada,Spain,11,367,567,218,303,449,321,424,190,61.6666652
432,University of Modena and Reggio Emilia,Italy,22,367,567,218,435,474,368,349,709,61.61110964
433,Ajou University,South Korea,14,367,426,218,646,729,645,671,89,61.55555408
434,Gyeongsang National University,South Korea,15,367,567,218,633,673,645,606,93,61.49999852
435,Technical University of Madrid,Spain,12,215,212,218,470,697,645,770,110,61.44444296
436,University College Cork,Ireland,3,367,430,218,426,431,368,402,195,61.3888874
437,Loyola University Chicago,USA,144,367,366,218,522,438,511,353,713,61.33333184
438,Central South University,China,22,367,131,218,366,783,511,558,444,61.27777628
439,South China University of Technology,China,23,367,266,218,347,620,511,471,196,61.22222072
440,Polytechnic University of Valencia,Spain,13,367,567,218,386,505,645,437,155,61.16666516
441,West Virginia University,USA,145,328,178,218,441,409,428,437,617,61.1111096
442,University of Tampere,Finland,5,367,297,218,526,439,511,362,679,61.05555404
443,Southeast University,China,24,168,488,218,369,702,645,480,149,60.99999848
444,Miami University,USA,146,367,102,218,715,543,511,659,871,60.94444292
445,University of Dayton,USA,147,348,90,218,988,818,511,781,675,60.88888736
446,University of Siena,Italy,23,367,482,218,420,365,287,369,712,60.8333318
447,University of Oulu,Finland,6,275,369,218,432,344,368,375,521,60.77777624
448,Indian Institute of Science,India,3,367,332,218,315,537,511,447,239,60.72222068
449,Macquarie University,Australia,9,367,304,218,391,292,321,402,530,60.66666512
450,University of Rostock,Germany,35,364,567,218,443,591,511,373,325,60.61110956
451,Jagiellonian University,Poland,1,367,567,218,403,465,645,375,355,60.555554
452,Pusan National University,South Korea,16,367,401,218,398,488,428,503,147,60.49999844
453,University of Strathclyde,United Kingdom,36,367,216,218,389,467,368,486,305,60.44444288
454,"University of Nevada, Reno",USA,148,367,364,218,542,382,264,381,708,60.38888732
455,University of Saskatchewan,Canada,20,336,278,218,335,442,287,457,427,60.33333176
456,University of Parma,Italy,24,367,356,218,438,463,368,381,741,60.2777762
457,Kanazawa University,Japan,18,367,416,218,474,419,511,381,350,60.22222064
458,E?tv?s Lor¨¢nd University,Hungary,1,89,567,116,559,444,287,495,724,60.16666508
459,Aristotle University of Thessaloniki,Greece,2,367,567,218,340,683,511,381,756,60.11110952
460,Ohio University,USA,149,205,174,218,590,472,812,565,224,60.05555396
461,University of Iceland,Iceland,1,367,567,218,612,295,321,369,839,59.9999984
462,University of Warsaw,Poland,2,118,562,150,409,462,428,437,716,59.94444284
463,Syracuse University,USA,150,138,221,218,453,494,428,495,392,59.88888728
464,Bielefeld University,Germany,36,367,567,218,480,375,511,369,774,59.83333172
465,Juntendo University,Japan,19,367,567,218,653,498,428,362,853,59.77777616
466,University of Wyoming,USA,151,367,230,218,534,316,321,457,380,59.7222206
467,University of Wollongong,Australia,10,367,269,218,431,433,428,424,493,59.66666504
468,Niigata University,Japan,20,367,285,218,527,514,511,447,238,59.61110948
469,Texas Tech University (TTU),USA,152,367,184,218,455,618,287,511,809,59.55555392
470,Middle East Technical University,Turkey,1,367,120,218,550,879,511,659,871,59.49999836
471,?cole normale sup¨¦rieure de Lyon,France,18,367,567,135,481,210,511,413,589,59.4444428
472,Brunel University,United Kingdom,37,367,236,218,497,676,511,437,667,59.38888724
473,Nihon University,Japan,21,301,565,218,599,588,812,637,113,59.33333168
474,Osaka City University,Japan,22,108,414,218,484,536,321,471,374,59.27777612
475,University of Rennes 1,France,19,367,567,218,351,341,428,420,344,59.22222056
476,University of Oklahoma Health Sciences Center,USA,153,367,567,218,580,461,511,375,482,59.166665
477,East China University of Science and Technology,China,25,367,567,218,423,828,645,471,184,59.11110944
478,University of KwaZulu-Natal,South Africa,4,367,148,218,562,397,368,579,539,59.05555388
479,Sichuan University,China,26,367,563,218,269,478,645,447,597,58.99999832
480,Illinois Institute of Technology,USA,154,274,114,218,784,713,511,715,861,58.94444276
481,Tokyo University of Science,Japan,23,367,567,218,530,530,428,457,191,58.8888872
482,"University of Science, Malaysia",Malaysia,1,367,567,218,669,888,428,809,94,58.83333164
483,Clemson University,USA,155,367,535,218,433,497,645,396,510,58.77777608
484,University of Zaragoza,Spain,14,366,408,218,342,675,428,471,276,58.72222052
485,University of the Basque Country,Spain,15,367,567,218,318,387,511,480,266,58.66666496
486,Nagasaki University,Japan,24,299,214,218,614,607,645,529,233,58.6111094
487,Technical University of Dortmund,Germany,37,367,567,218,459,528,368,420,284,58.55555384
488,University of Hawaii at Manoa,USA,156,367,435,153,448,213,368,457,490,58.49999828
489,University of Nebraska Omaha,USA,157,367,365,218,704,606,428,396,871,58.44444272
490,University of Konstanz,Germany,38,367,567,218,475,337,368,402,614,58.38888716
491,Panjab University,India,4,333,167,218,720,786,368,540,824,58.3333316
492,University of Hanover,Germany,39,367,485,218,434,507,368,457,250,58.27777604
493,"University of Maryland, Baltimore County",USA,158,367,567,218,587,391,428,402,423,58.22222048
494,University of Newcastle,Australia,11,367,567,218,408,496,812,424,322,58.16666492
495,University of Ulsan,South Korea,17,367,436,218,421,599,645,424,370,58.11110936
496,Renmin University of China,China,27,367,100,218,965,936,812,896,715,58.0555538
497,Martin Luther University of Halle-Wittenberg,Germany,40,358,567,210,394,345,812,413,706,57.99999824
498,University of Malaya,Malaysia,2,367,138,218,572,877,428,741,274,57.94444268
499,University of Savoy,France,20,367,567,218,490,435,428,402,731,57.88888712
500,University of Udine,Italy,25,367,567,218,600,390,511,396,634,57.83333156
501,Tokyo Metropolitan University,Japan,25,367,415,218,593,460,321,413,574,57.777776
502,University of Sherbrooke,Canada,21,367,567,218,454,421,321,413,853,57.72222044
503,University of Brescia,Italy,26,367,567,218,585,614,645,396,816,57.66666488
504,University of Ljubljana,Slovenia,1,367,567,218,341,415,321,457,507,57.61110932
505,University of Nice Sophia Antipolis,France,21,266,567,218,451,259,511,424,513,57.55555376
506,University of Hull,United Kingdom,38,305,253,162,602,557,511,511,524,57.4999982
507,University of Coimbra,Portugal,3,359,567,218,415,423,645,424,459,57.44444264
508,Creighton University,USA,159,367,567,218,824,724,368,402,615,57.38888708
509,Georgia State University,USA,160,367,405,218,449,484,511,457,360,57.33333152
510,University of Wisconsinâ€“Milwaukee,USA,161,229,248,218,516,491,511,503,871,57.27777596
511,Catholic University of Korea,South Korea,18,367,567,218,576,792,645,590,139,57.2222204
512,University of Tokushima,Japan,26,107,567,218,643,453,645,529,247,57.16666484
513,Yokohama City University,Japan,27,367,231,218,685,370,645,520,359,57.11110928
514,Lanzhou University,China,28,367,567,218,350,689,645,457,624,57.05555372
515,University of Crete,Greece,3,367,567,218,491,518,511,420,871,56.99999816
516,SUNY Downstate Medical Center,USA,162,367,567,155,756,446,511,437,660,56.9444426
517,University of Potsdam,Germany,41,367,567,218,485,313,511,424,584,56.88888704
518,Yokohama National University,Japan,28,88,217,135,909,865,645,809,440,56.83333148
519,New Mexico State University,USA,163,367,432,218,711,585,321,424,871,56.77777592
520,University of Bayreuth,Germany,42,367,567,218,457,331,321,447,603,56.72222036
521,Bar-Ilan University,Israel,6,280,392,218,404,410,645,495,338,56.6666648
522,University of Mississippi - Oxford Campus,USA,164,367,567,218,508,851,428,424,611,56.61110924
523,University of Tasmania,Australia,12,367,567,218,429,261,645,447,727,56.55555368
524,Graduate University for Advanced Studies,Japan,29,367,567,218,613,291,645,420,871,56.49999812
525,University of Surrey,United Kingdom,39,217,295,218,419,553,428,549,300,56.44444256
526,Federal University of Minas Gerais,Brazil,4,367,425,218,417,521,428,549,207,56.388887
527,University of TromsÃ¸ - The Arctic University of Norway,Norway,4,367,567,218,493,407,287,447,824,56.33333144
528,University of Palermo,Italy,27,367,567,218,452,545,812,437,559,56.27777588
529,Shinshu University,Japan,30,367,517,218,594,602,368,486,244,56.22222032
530,University of Science and Technology Beijing,China,29,367,121,218,542,937,511,886,408,56.16666476
531,University of Catania,Italy,28,213,567,218,438,693,428,457,853,56.1111092
532,Mahidol University,Thailand,2,367,567,218,476,372,368,447,861,56.05555364
533,University of Canterbury,New Zealand,3,190,195,218,569,437,428,606,871,55.99999808
534,Indian Institute of Technology Madras,India,5,367,147,218,523,943,812,796,317,55.94444252
535,University of Bremen,Germany,43,367,567,218,466,289,321,471,515,55.88888696
536,Otto-von-Guericke University Magdeburg,Germany,44,367,567,218,486,629,511,457,388,55.8333314
537,University of Tartu,Estonia,1,365,567,218,586,318,368,457,426,55.77777584
538,University of Windsor,Canada,22,367,133,218,764,912,812,754,658,55.72222028
539,University of Nantes,France,22,367,567,218,483,420,511,447,579,55.66666472
540,"Royal Holloway, University of London",United Kingdom,40,367,567,218,564,306,428,447,556,55.61110916
541,James Cook University,Australia,13,367,567,218,505,248,428,457,665,55.5555536
542,National Yang-Ming University,Taiwan,5,367,567,218,345,517,511,495,824,55.49999804
543,University of Akron,USA,165,367,400,218,656,653,645,606,166,55.44444248
544,National Chung Hsing University,Taiwan,6,367,211,218,412,682,511,606,871,55.38888692
545,City University London,United Kingdom,41,367,122,218,785,861,812,880,601,55.33333136
546,New York Medical College,USA,166,367,567,218,752,622,812,437,719,55.2777758
547,Nara Institute of Science and Technology,Japan,31,367,567,218,773,329,645,495,270,55.22222024
548,?cole Centrale Paris,France,23,367,111,218,995,827,812,958,839,55.16666468
549,Auburn University,USA,167,367,232,218,472,569,368,606,425,55.11110912
550,University of Arkansas - Fayetteville,USA,168,204,345,218,517,571,645,520,409,55.05555356
551,University of Zagreb,Croatia,1,367,567,218,553,541,428,471,650,54.999998
552,University of L¨¹beck,Germany,45,367,567,218,649,394,812,457,629,54.94444244
553,Hunan University,China,30,367,291,218,464,906,645,529,816,54.88888688
554,University of Missouriâ€“Kansas City,USA,169,311,480,218,634,447,645,471,687,54.83333132
555,Tokyo Women's Medical University,Japan,32,367,567,218,787,594,511,480,362,54.77777576
556,Montana State University - Bozeman,USA,170,367,477,218,575,323,287,495,744,54.7222202
557,University of Aveiro,Portugal,4,367,567,218,413,680,511,590,212,54.66666464
558,"National University of Ireland, Galway",Ireland,4,367,567,218,588,546,645,503,293,54.61110908
559,University of Oviedo,Spain,16,367,539,218,440,445,428,495,579,54.55555352
560,Dongguk University,South Korea,19,367,305,218,927,917,812,997,108,54.49999796
561,University of Trento,Italy,29,367,567,218,488,556,368,486,861,54.4444424
562,University Lille 1: Sciences and Technologies,France,24,367,567,218,414,400,368,511,546,54.38888684
563,Chang Gung University,Taiwan,7,367,567,218,344,598,812,520,824,54.33333128
564,National Central University,Taiwan,8,225,567,218,384,468,511,520,839,54.27777572
565,Aalborg University,Denmark,5,367,439,218,596,660,287,520,401,54.22222016
566,Utah State University,USA,171,166,352,218,564,414,368,565,371,54.1666646
567,Baylor University,USA,172,367,293,218,682,681,321,540,630,54.11110904
568,Bangor University,United Kingdom,42,260,370,218,622,568,511,529,342,54.05555348
569,King Saud University,Saudi Arabia,1,367,182,218,560,539,645,837,232,53.99999792
570,University of Cagliari,Italy,30,367,567,218,518,567,511,486,623,53.94444236
571,Kent State University,USA,173,367,567,218,610,436,511,486,498,53.8888868
572,Central China Normal University,China,31,367,567,218,631,855,511,480,778,53.83333124
573,University of Fribourg,Switzerland,8,232,252,218,734,428,428,579,787,53.77777568
574,Medical University of Graz,Austria,6,367,567,218,573,628,812,486,576,53.72222012
575,Second University of Naples,Italy,31,367,567,218,556,641,645,486,824,53.66666456
576,International School for Advanced Studies,Italy,32,367,567,218,623,406,812,486,768,53.611109
577,Tampere University of Technology,Finland,7,367,156,218,816,646,645,796,746,53.55555344
578,Inha University,South Korea,20,367,381,218,568,780,511,565,273,53.49999788
579,Deakin University,Australia,14,367,424,218,502,647,321,529,636,53.44444232
580,National Polytechnic Institute of Toulouse,France,25,367,242,218,486,672,812,646,413,53.38888676
581,Sogang University,South Korea,21,367,567,218,806,798,812,921,115,53.3333312
582,University of Ioannina,Greece,4,367,567,218,597,836,645,495,871,53.27777564
583,Federal University of Rio Grande do Sul,Brazil,5,367,567,218,410,578,428,529,787,53.22222008
584,University of Graz,Austria,7,349,453,204,571,547,812,511,600,53.16666452
585,University of Montana - Missoula,USA,174,353,567,218,713,315,428,503,702,53.11110896
586,East China Normal University,China,32,367,272,218,436,645,812,622,576,53.0555534
587,Plymouth University,United Kingdom,43,367,544,218,532,429,511,511,651,52.99999784
588,Victoria University of Wellington,New Zealand,4,317,223,218,606,469,645,646,809,52.94444228
589,Federal University of S?o Paulo,Brazil,6,367,567,218,504,638,368,520,839,52.88888672
590,Southern Illinois University Carbondale,USA,175,208,533,218,591,512,812,520,588,52.83333116
591,University of Alaska Fairbanks,USA,176,367,420,218,642,373,511,520,792,52.7777756
592,University of Toledo,USA,177,367,567,218,618,555,812,606,220,52.72222004
593,Carleton University,Canada,23,367,538,218,479,739,264,549,871,52.66666448
594,Cranfield University,United Kingdom,44,367,176,218,763,762,812,770,549,52.61110892
595,Curtin University,Australia,15,367,559,218,425,384,511,549,518,52.55555336
596,Indian Institute of Technology Bombay,India,6,367,507,218,521,815,645,699,176,52.4999978
597,University of Portsmouth,United Kingdom,45,367,567,218,768,719,234,540,765,52.44444224
598,Osaka Prefecture University,Japan,33,367,411,218,688,671,812,686,187,52.38888668
599,Nagoya City University,Japan,34,367,333,218,785,525,368,565,400,52.33333112
600,LSU Health Sciences Center New Orleans,USA,178,367,567,218,823,544,645,503,661,52.27777556
601,Tata Institute of Fundamental Research,India,7,367,567,218,468,450,368,540,792,52.22222
602,Konkuk University,South Korea,22,367,388,218,533,748,812,686,204,52.16666444
603,University of La Laguna,Spain,17,367,567,218,514,336,645,529,661,52.11110888
604,University of Hertfordshire,United Kingdom,46,367,567,218,792,396,511,511,839,52.05555332
605,Florida International University,USA,179,367,567,218,496,508,428,540,585,51.99999776
606,University of Rhode Island,USA,180,367,265,218,664,385,511,637,472,51.9444422
607,Mississippi State University,USA,181,155,220,218,605,608,645,754,566,51.88888664
608,Gunma University,Japan,35,367,567,218,627,531,511,590,252,51.83333108
609,University of New Orleans,USA,182,367,567,218,944,840,428,511,871,51.77777552
610,"Putra University, Malaysia",Malaysia,3,367,567,218,860,900,812,989,114,51.72221996
611,Memorial University of Newfoundland,Canada,24,367,567,218,552,577,645,529,653,51.6666644
612,Universidade Nova de Lisboa,Portugal,5,367,567,218,506,477,645,540,590,51.61110884
613,Griffith University,Australia,16,367,567,218,436,500,368,565,556,51.55555328
614,Indian Institute of Technology Kharagpur,India,8,367,242,218,500,974,812,686,644,51.49999772
615,Soochow University (Suzhou),China,33,367,567,218,396,773,812,565,871,51.44444216
616,Texas A&M Health Science Center,USA,183,367,567,218,672,440,645,558,336,51.3888866
617,Semmelweis University,Hungary,2,367,567,218,650,481,511,529,670,51.33333104
618,Lille 2 University of Health and Law,France,26,367,567,218,821,631,645,520,630,51.27777548
619,Kagoshima University,Japan,36,367,281,218,733,706,511,715,251,51.22221992
620,Flinders University,Australia,17,122,567,218,518,581,812,622,686,51.16666436
621,Queensland University of Technology,Australia,18,367,567,218,477,750,511,558,492,51.1111088
622,Tokai University,Japan,37,367,567,218,721,644,645,540,448,51.05555324
623,Istanbul University,Turkey,2,253,386,218,684,560,645,558,871,50.99999768
624,Tokyo University of Agriculture and Technology,Japan,38,367,567,218,641,756,511,606,264,50.94444212
625,Louisiana Tech University,USA,184,367,197,218,969,871,428,754,792,50.88888656
626,University of Texas at Arlington,USA,185,367,567,218,492,532,511,565,462,50.833331
627,China Agricultural University,China,34,367,534,218,407,362,645,590,572,50.77777544
628,Chungnam National University,South Korea,23,367,567,218,470,563,645,622,290,50.72221988
629,University of Minho,Portugal,6,367,567,218,588,652,287,606,363,50.66666432
630,"University of Eastern Piedmont Amedeo Avogadro""""",Italy,33,367,567,218,693,623,645,540,739,50.61110876
631,Open University (UK),United Kingdom,47,367,567,218,616,340,645,549,809,50.5555532
632,University of Essex,United Kingdom,48,119,358,218,694,695,511,671,871,50.49999764
633,Paris-Est Cr¨¦teil Val-de-Marne University,France,27,367,406,218,732,611,812,558,824,50.44444208
634,Hacettepe University,Turkey,3,367,567,218,658,630,428,549,871,50.38888652
635,State University of New York Upstate Medical University,USA,186,367,567,218,774,632,428,549,598,50.33333096
636,Braunschweig University of Technology,Germany,46,226,567,218,551,383,645,622,343,50.2777754
637,University of Salamanca,Spain,18,367,491,218,544,483,511,565,736,50.22221984
638,Indian Institute of Technology Roorkee,India,9,367,395,218,839,931,428,565,871,50.16666428
639,?rebro University,Sweden,11,367,529,218,816,747,428,549,871,50.11110872
640,Northeast Normal University,China,35,367,567,218,678,765,645,549,871,50.05555316
641,University of Patras,Greece,5,367,567,218,510,704,511,565,731,49.9999976
642,Beijing University of Chemical Technology,China,36,367,536,218,558,984,812,715,214,49.94444204
643,Northern Illinois University,USA,187,367,284,218,669,661,321,671,621,49.88888648
644,Rovira i Virgili University,Spain,19,367,567,218,555,573,428,579,485,49.83333092
645,La Trobe University,Australia,19,367,457,218,536,455,812,579,803,49.77777536
646,Warsaw University of Technology,Poland,3,344,545,218,696,757,287,579,824,49.7222198
647,Binghamton University,USA,188,367,263,218,710,593,812,671,853,49.66666424
648,Shizuoka University,Japan,39,367,476,218,834,708,645,826,163,49.61110868
649,Hong Kong Baptist University,Hong Kong,6,367,516,218,592,937,511,565,691,49.55555312
650,Albany Medical College,USA,189,171,567,218,893,771,645,579,720,49.49999756
651,Ehime University,Japan,40,367,514,218,619,582,511,590,418,49.444442
652,University of Los Andes (Colombia),Colombia,1,367,189,218,898,561,428,837,749,49.38888644
653,Polytechnic University of Turin,Italy,34,367,567,218,465,798,645,659,283,49.33333088
654,University of Burgundy,France,28,224,567,218,513,527,812,590,774,49.27777532
655,University of Idaho,USA,190,367,567,218,664,417,511,579,469,49.22221976
656,Old Dominion University,USA,191,367,567,218,719,590,511,590,379,49.1666642
657,Yamaguchi University,Japan,41,367,567,218,753,787,645,732,202,49.11110864
658,Massey University,New Zealand,5,367,496,218,570,554,812,579,723,49.05555308
659,Donghua University,China,37,367,567,218,805,962,234,622,726,48.99999752
660,University of the Balearic Islands,Spain,20,367,567,218,629,558,428,590,503,48.94444196
661,Portland State University,USA,192,367,245,218,800,548,812,741,484,48.8888864
662,Marche Polytechnic University,Italy,35,367,567,218,688,649,812,565,748,48.83333084
663,University of Qu¨¦bec at Montreal,Canada,25,367,422,218,537,534,428,622,871,48.77777528
664,"UNESP, S?o Paulo State University",Brazil,7,367,567,218,356,613,511,671,627,48.72221972
665,Loma Linda University,USA,193,367,567,218,848,755,645,565,555,48.66666416
666,University of Toyama,Japan,42,367,307,218,685,760,645,646,871,48.6111086
667,University of Debrecen,Hungary,3,367,567,218,687,621,428,590,499,48.55555304
668,"University of Maine, Orono",USA,194,345,567,218,788,427,368,637,346,48.49999748
669,Graz University of Technology,Austria,8,367,567,218,677,715,368,622,404,48.44444192
670,Gifu University,Japan,43,367,567,218,701,658,645,606,403,48.38888636
671,University of JyvÃ¤skylÃ¤,Finland,8,367,525,218,456,443,812,622,805,48.3333308
672,University of Paris 13,France,29,367,567,218,669,744,645,579,700,48.27777524
673,University of Girona,Spain,21,367,567,218,662,843,645,579,756,48.22221968
674,Keele University,United Kingdom,49,367,567,218,659,533,321,606,853,48.16666412
675,University of Poitiers,France,30,255,567,148,636,470,645,671,754,48.11110856
676,University of Insubria,Italy,36,367,567,218,705,564,645,579,871,48.055553
677,Wuhan University of Technology,China,38,367,499,218,738,931,428,590,763,47.99999744
678,University of Pretoria,South Africa,5,367,262,218,620,513,511,741,604,47.94444188
679,Banaras Hindu University,India,10,243,260,218,754,904,511,741,871,47.88888632
680,University of L'Aquila,Italy,37,367,567,218,655,678,645,590,871,47.83333076
681,University of Alicante,Spain,22,367,567,218,666,779,812,686,262,47.7777752
682,American University of Beirut,Lebanon,1,114,247,218,915,892,812,880,871,47.72221964
683,University of Ulster,United Kingdom,50,367,567,218,747,808,321,732,240,47.66666408
684,Shanghai University,China,39,367,567,218,494,929,812,622,782,47.61110852
685,Comenius University in Bratislava,Slovak Republic,1,367,567,218,707,624,645,590,871,47.55555296
686,University of Vigo,Spain,23,367,567,218,577,822,428,622,621,47.4999974
687,"University of Nevada, Las Vegas",USA,195,367,448,218,640,473,812,622,861,47.44444184
688,Swinburne University of Technology,Australia,20,367,567,218,654,456,511,606,772,47.38888628
689,Tilburg University,Netherlands,13,367,289,218,566,878,428,732,871,47.33333072
690,University of Messina,Italy,38,367,567,218,608,803,812,606,871,47.27777516
691,Kaiserslautern University of Technology,Germany,47,367,522,218,679,523,812,606,668,47.2222196
692,University of Kent,United Kingdom,51,367,433,218,625,458,511,637,861,47.16666404
693,University of M¨¢laga,Spain,24,367,567,218,660,830,645,781,203,47.11110848
694,Loughborough University,United Kingdom,52,367,567,218,512,806,511,646,480,47.05555292
695,National Technical University of Athens,Greece,6,187,567,218,514,950,511,659,871,46.99999736
696,Liverpool John Moores University,United Kingdom,53,367,567,218,723,395,511,606,871,46.9444418
697,Sharif University of Technology,Iran,1,116,567,218,563,950,511,732,871,46.88888624
698,"Birkbeck, University of London",United Kingdom,54,300,567,218,724,339,428,622,871,46.83333068
699,"University Fran?ois Rabelais, Tours",France,31,201,567,218,667,499,812,637,703,46.77777512
700,University of Haifa,Israel,7,367,372,218,535,479,812,686,503,46.72221956
701,Roma Tre University,Italy,39,367,567,218,639,637,511,622,756,46.666664
702,Masaryk University,Czech Republic,2,367,567,218,645,519,645,622,705,46.61110844
703,University of Salerno,Italy,40,367,567,218,537,835,511,646,525,46.55555288
704,King Abdullah University of Science and Technology,Saudi Arabia,2,367,567,126,691,529,812,946,182,46.49999732
705,Beihang University,China,40,367,383,218,460,865,645,770,307,46.44444176
706,Fuzhou University,China,41,367,399,218,727,984,428,671,463,46.3888862
707,Heriot-Watt University,United Kingdom,55,367,335,218,601,597,812,715,439,46.33333064
708,China Medical University (Taiwan),Taiwan,9,367,567,218,428,686,812,671,871,46.27777508
709,University of Cantabria,Spain,25,367,523,218,603,587,428,646,571,46.22221952
710,Rochester Institute of Technology,USA,196,367,431,218,905,643,287,671,587,46.16666396
711,Royal College of Surgeons in Ireland,Ireland,5,367,567,218,888,714,368,646,446,46.1111084
712,San Francisco State University,USA,197,271,567,218,864,572,511,622,871,46.05555284
713,Sapporo Medical University,Japan,44,367,567,218,975,837,645,637,441,45.99999728
714,Indian Institute of Technology Kanpur,India,11,174,503,218,561,848,645,715,450,45.94444172
715,Johannes Kepler University of Linz,Austria,9,367,378,218,742,659,645,671,560,45.88888616
716,Czech Technical University in Prague,Czech Republic,3,347,567,218,673,816,428,646,582,45.8333306
717,Marquette University,USA,198,367,201,218,912,785,812,896,682,45.77777504
718,Missouri University of Science and Technology,USA,199,367,246,218,718,923,645,826,592,45.72221948
719,Howard University,USA,200,294,567,218,934,665,511,699,296,45.66666392
720,Aston University,United Kingdom,56,367,355,218,827,895,645,754,306,45.61110836
721,?cole normale sup¨¦rieure de Cachan,France,32,121,323,218,895,776,428,826,871,45.5555528
722,Jichi Medical University,Japan,45,367,567,218,930,633,511,637,641,45.49999724
723,"Rutgers, The State University of New Jersey - Newark",USA,201,367,567,218,832,515,645,637,871,45.44444168
724,"Palack? University, Olomouc",Czech Republic,4,367,567,218,739,562,511,659,475,45.38888612
725,Ankara University,Turkey,4,367,341,218,743,728,511,699,871,45.33333056
726,University of Belgrade,Serbia,1,276,567,218,422,694,511,715,824,45.277775
727,Toho University,Japan,46,367,567,159,836,824,812,699,787,45.22221944
728,Kyoto Prefectural University of Medicine,Japan,47,367,567,218,852,752,645,637,871,45.16666388
729,Swansea University,United Kingdom,57,367,428,218,523,566,645,699,595,45.11110832
730,Universit¨¦ de Namur,Belgium,8,164,464,218,881,700,645,699,716,45.05555276
731,University of Szeged,Hungary,4,367,567,205,657,720,812,659,532,44.9999972
732,Kitasato University,Japan,48,367,567,218,725,595,812,646,871,44.94444164
733,Hasselt University,Belgium,9,367,340,218,829,904,645,699,761,44.88888608
734,University of C¨®rdoba (Spain),Spain,26,367,567,218,632,725,812,659,633,44.83333052
735,Ã…bo Akademi University,Finland,9,367,567,218,765,679,645,646,731,44.77777496
736,Tottori University,Japan,49,367,343,218,908,721,511,741,390,44.7222194
737,Kindai University,Japan,50,367,567,218,680,712,428,686,437,44.66666384
738,University of Castilla La Mancha,Spain,27,367,567,218,627,751,812,671,519,44.61110828
739,University of Augsburg,Germany,48,367,567,218,816,684,812,646,792,44.55555272
740,"Paul Val¨¦ry University, Montpellier III",France,33,367,567,218,837,502,287,686,871,44.49999716
741,University of Mons,Belgium,10,367,567,218,812,793,645,659,517,44.4444416
742,Istanbul Technical University,Turkey,5,367,440,218,646,875,368,699,839,44.38888604
743,"University of Natural Resources and Life Sciences, Vienna",Austria,10,367,567,218,778,627,511,659,611,44.33333048
744,National University of La Plata,Argentina,2,367,513,218,546,559,511,686,871,44.27777492
745,University of Calabria,Italy,41,367,567,218,583,890,428,686,700,44.22221936
746,University of Memphis,USA,202,367,382,218,782,640,511,741,394,44.1666638
747,"G. d'Annunzio University, Chieti-Pescara",Italy,42,367,567,218,750,615,812,659,871,44.11110824
748,University of Missouriâ€“St. Louis,USA,203,367,371,218,897,524,428,715,634,44.05555268
749,Beijing Institute of Technology,China,42,367,567,218,528,969,511,699,569,43.99999712
750,University of ?vry Val d'Essonne,France,34,367,567,218,996,368,645,659,871,43.94444156
751,University of South Australia,Australia,21,367,324,218,604,746,812,781,431,43.888886
752,University of Alabama in Huntsville,USA,204,367,567,218,921,432,645,659,805,43.83333044
753,University of Salzburg,Austria,11,367,270,218,933,738,812,796,871,43.77777488
754,University of Mississippi Medical Center,USA,205,367,567,218,775,504,511,671,871,43.72221932
755,National Research Nuclear University MEPhI,Russia,4,306,567,218,957,699,428,671,871,43.66666376
756,Chung-Ang University,South Korea,24,367,461,218,637,781,511,886,218,43.6111082
757,Kaohsiung Medical University,Taiwan,10,367,567,218,539,854,812,699,661,43.55555264
758,University of NeuchÃ¢tel,Switzerland,9,352,567,218,863,635,812,671,640,43.49999708
759,University of Yamanashi,Japan,51,367,567,218,869,862,645,715,382,43.44444152
760,Yamagata University,Japan,52,367,567,218,775,736,812,686,535,43.38888596
761,New Jersey Institute of Technology,USA,206,259,472,218,791,670,812,741,391,43.3333304
762,East Carolina University,USA,207,367,394,218,699,685,812,732,639,43.27777484
763,University of Hyogo,Japan,53,367,567,218,813,475,511,686,787,43.22221928
764,University of Picardie Jules Verne,France,35,367,567,218,826,782,428,699,543,43.16666372
765,University of Salento,Italy,43,367,567,218,661,743,511,699,654,43.11110816
766,Northern Arizona University,USA,208,367,537,218,939,489,645,686,609,43.0555526
767,Miguel Hern¨¢ndez University of Elche,Spain,28,367,567,218,757,617,812,699,497,42.99999704
768,University of Tehran,Iran,2,181,567,218,489,984,812,770,871,42.94444148
769,Blaise Pascal University,France,36,367,567,192,735,701,645,699,619,42.88888592
770,Yeungnam University,South Korea,25,367,417,218,761,974,812,867,231,42.83333036
771,Kurume University,Japan,54,367,567,218,986,770,812,699,473,42.7777748
772,Institut national des sciences Appliqu¨¦es de Lyon,France,37,367,567,218,547,674,645,732,558,42.72221924
773,Saga University,Japan,55,367,567,218,808,791,812,715,435,42.66666368
774,Chongqing University,China,43,367,283,218,630,892,645,837,809,42.61110812
775,Jikei University School of Medicine,Japan,56,367,567,218,959,711,645,686,797,42.55555256
776,Second Military Medical University,China,44,367,567,218,579,664,645,754,395,42.499997
777,Jawaharlal Nehru Centre for Advanced Scientific Research,India,12,367,567,218,868,650,645,715,453,42.44444144
778,"University of North Texas, Denton",USA,209,367,567,218,675,636,645,715,554,42.38888588
779,Ege University,Turkey,6,367,567,218,761,839,511,699,871,42.33333032
780,Mie University,Japan,57,367,567,218,835,860,645,741,368,42.27777476
781,?cole Polytechnique de Montr¨¦al,Canada,26,367,507,218,716,921,511,741,412,42.2222192
782,AGH University of Science and Technology,Poland,4,267,279,218,708,891,511,896,398,42.16666364
783,University of Electronic Science and Technology of China,China,45,367,308,218,529,912,812,837,552,42.11110808
784,University of Stirling,United Kingdom,58,367,357,218,772,707,812,754,871,42.05555252
785,University of Greifswald,Germany,49,367,567,211,714,487,812,732,476,41.99999696
786,National Polytechnic Institute,Mexico,2,330,567,218,573,579,428,741,620,41.9444414
787,Jacobs University Bremen,Germany,50,367,567,218,894,666,511,715,533,41.88888584
788,Capital Medical University,China,46,367,567,218,525,754,511,741,871,41.83333028
789,Norwegian University of Life Sciences,Norway,5,367,567,218,769,570,511,715,782,41.77777472
790,Michigan Technological University,USA,210,341,467,218,794,769,428,741,581,41.72221916
791,Vilnius University,Lithuania,1,340,567,218,799,642,645,715,684,41.6666636
792,North Dakota State University - Main Campus,USA,211,172,567,218,702,790,812,770,871,41.61110804
793,University of Hohenheim,Germany,51,367,567,218,767,691,645,715,782,41.55555248
794,University of North Carolina at Charlotte,USA,212,367,310,218,741,662,511,826,593,41.49999692
795,Zhengzhou University,China,47,367,427,218,663,806,812,754,749,41.44444136
796,Cairo University,Egypt,1,285,469,180,697,730,511,781,871,41.3888858
797,University of Caen Lower Normandy,France,38,207,567,218,637,768,812,754,787,41.33333024
798,Saitama Medical University,Japan,58,367,567,218,993,586,645,732,488,41.27777468
799,University of Murcia,Spain,29,367,567,218,541,703,428,781,479,41.22221912
800,Showa University,Japan,59,367,567,218,985,759,645,715,727,41.16666356
801,University of Oldenburg,Germany,52,367,567,218,729,619,645,732,816,41.111108
802,Magna Gr?cia University of Catanzaro,Italy,44,367,567,218,948,813,812,715,766,41.05555244
803,National Sun Yat-sen University,Taiwan,11,367,567,218,461,950,511,781,871,40.99999688
804,Nanjing University of Science and Technology,China,48,367,331,218,796,943,368,826,694,40.94444132
805,University of Concepci¨®n,Chile,3,367,567,218,712,451,812,754,505,40.88888576
806,Chungbuk National University,South Korea,26,367,567,218,745,859,812,809,319,40.8333302
807,Taipei Medical University,Taiwan,12,367,567,218,499,883,645,781,661,40.77777464
808,Jaume I University,Spain,30,367,567,218,794,958,645,741,643,40.72221908
809,Bowling Green State University,USA,213,367,373,218,910,705,645,781,824,40.66666352
810,Nanjing University of Technology,China,49,367,567,218,748,984,812,932,217,40.61110796
811,University of New England (Australia),Australia,22,367,251,218,938,634,511,932,797,40.5555524
812,Kangwon National University,South Korea,27,367,567,218,706,819,645,781,428,40.49999684
813,Inje University,South Korea,28,367,567,218,838,928,812,809,331,40.44444128
814,Aberystwyth University,United Kingdom,59,367,567,218,842,552,511,754,607,40.38888572
815,"University of Technology, Sydney",Australia,23,367,543,218,580,668,511,796,520,40.33333016
816,University of Franche-Comt¨¦,France,39,302,567,218,743,814,511,770,583,40.2777746
817,University of Sassari,Italy,45,367,567,218,758,592,812,754,805,40.22221904
818,Chiang Mai University,Thailand,3,367,550,218,847,753,511,754,871,40.16666348
819,Budapest University of Technology and Economics,Hungary,5,256,567,218,740,761,645,781,529,40.11110792
820,University of Maribor,Slovenia,2,367,567,218,853,820,511,754,752,40.05555236
821,University of Bradford,United Kingdom,60,367,287,218,859,772,812,886,567,39.9999968
822,University of Perpignan Via Domitia,France,40,160,567,218,974,580,428,826,871,39.94444124
823,Florida Institute of Technology,USA,214,367,567,218,973,793,368,770,871,39.88888568
824,University of Brighton,United Kingdom,61,367,567,218,854,829,812,754,766,39.83333012
825,University of Massachusetts Boston,USA,215,367,429,218,846,698,428,796,824,39.77777456
826,Rio de Janeiro State University,Brazil,8,367,567,218,760,910,511,770,739,39.722219
827,Nagoya Institute of Technology,Japan,60,367,504,218,825,958,645,921,229,39.66666344
828,Jiangnan University,China,50,367,567,218,783,912,812,770,628,39.61110788
829,Murdoch University,Australia,24,367,527,218,827,501,645,770,770,39.55555232
830,"University of Wales, Trinity Saint David",United Kingdom,62,367,567,218,1000,927,645,754,871,39.49999676
831,University of Rouen,France,41,362,567,218,700,722,812,809,414,39.4444412
832,The Catholic University of America,USA,216,367,407,218,947,596,511,809,674,39.38888564
833,Wright State University - Dayton,USA,217,367,567,218,810,805,812,770,824,39.33333008
834,Dankook University,South Korea,29,367,567,218,888,948,645,896,241,39.27777452
835,Clarkson University,USA,218,367,390,218,981,974,812,809,685,39.22221896
836,University of Regina,Canada,27,367,567,218,851,737,645,781,573,39.1666634
837,Bo?azi?i University,Turkey,7,367,519,218,843,766,511,781,824,39.11110784
838,Kochi University,Japan,61,367,567,218,942,788,812,781,536,39.05555228
839,University of Miyazaki,Japan,62,290,567,218,952,692,645,826,393,38.99999672
840,University of Electro-Communications,Japan,63,161,567,218,857,833,645,906,332,38.94444116
841,University of Valladolid,Spain,31,367,454,218,691,888,812,850,407,38.8888856
842,Bilkent University,Turkey,8,367,475,218,781,789,812,796,871,38.83333004
843,Dublin City University,Ireland,6,367,567,218,803,933,511,850,347,38.77777448
844,University of South Alabama,USA,219,367,567,218,979,784,812,796,464,38.72221892
845,Sofia University,Bulgaria,1,254,567,218,814,881,645,796,871,38.66666336
846,Ocean University of China,China,51,367,567,218,648,735,812,809,541,38.6111078
847,King Fahd University of Petroleum and Minerals,Saudi Arabia,3,367,234,218,934,950,812,984,871,38.55555224
848,University of Veterinary Medicine Vienna,Austria,12,367,567,184,872,687,511,809,654,38.49999668
849,University of Alcal¨¢,Spain,32,367,567,218,746,657,812,796,608,38.44444112
850,Hunter College,USA,220,261,438,218,822,610,812,826,805,38.38888556
851,"All India Institute of Medical Sciences, New Delhi",India,13,367,567,218,887,886,645,781,839,38.33333
852,Gazi University,Turkey,9,367,468,218,750,942,645,809,871,38.27777444
853,"National University of Ireland, Maynooth",Ireland,7,244,567,218,992,710,812,809,561,38.22221888
854,Tehran University of Medical Sciences,Iran,3,367,567,218,771,899,812,796,871,38.16666332
855,University of the Ryukyus,Japan,64,367,567,218,922,663,645,796,618,38.11110776
856,Florida Atlantic University,USA,221,367,567,218,855,741,812,796,714,38.0555522
857,University of Siegen,Germany,53,367,532,218,870,732,428,809,769,37.99999664
858,Huazhong Agricultural University,China,52,367,567,218,651,535,645,837,494,37.94444108
859,University of Angers,France,42,367,567,218,840,801,812,809,550,37.88888552
860,University of Seoul,South Korea,30,367,567,218,989,907,645,921,259,37.83332996
861,Brock University,Canada,28,367,567,218,877,727,511,809,638,37.7777744
862,Fukuoka University,Japan,65,367,567,218,971,876,812,837,416,37.72221884
863,Hamamatsu University School of Medicine,Japan,66,367,567,218,990,917,645,826,470,37.66666328
864,Nanjing Normal University,China,53,367,456,218,729,709,428,850,742,37.61110772
865,National Chung Cheng University,Taiwan,13,367,567,218,796,991,645,809,871,37.55555216
866,Nanjing Agricultural University,China,54,367,567,218,617,726,812,837,601,37.4999966
867,University of the Republic (Uruguay),Uruguay,66,367,567,218,814,669,812,809,871,37.44444104
868,Sejong University,South Korea,31,367,567,218,788,845,812,837,466,37.38888548
869,Makerere University,Uganda,1,367,567,218,882,656,645,809,871,37.33332992
870,University of New Brunswick,Canada,29,367,354,218,777,802,812,886,591,37.27777436
871,Northeastern University (China),China,55,367,315,218,759,974,812,906,698,37.2222188
872,University of Extremadura,Spain,33,367,567,218,766,958,812,826,630,37.16666324
873,RMIT University,Australia,25,367,561,218,690,929,812,837,585,37.11110768
874,"Royal Veterinary College, University of London",United Kingdom,63,246,567,218,896,550,511,837,746,37.05555212
875,Chung Yuan Christian University,Taiwan,14,249,320,218,779,962,812,921,871,36.99999656
876,University of Osnabr¨¹ck,Germany,54,367,567,218,844,654,511,826,871,36.944441
877,Northwest University (China),China,56,367,567,218,904,848,368,837,871,36.88888544
878,Chosun University,South Korea,32,367,567,218,942,984,812,991,209,36.83332988
879,University of Orl¨¦ans,France,43,367,524,218,754,495,645,837,839,36.77777432
880,Jean Monnet University,France,44,367,567,218,626,486,812,850,710,36.72221876
881,?cole centrale de Lyon,France,45,367,255,218,856,841,812,991,570,36.6666632
882,University of Western Sydney,Australia,26,367,567,218,651,551,645,850,647,36.61110764
883,Hefei University of Technology,China,57,367,302,218,914,974,812,932,871,36.55555208
884,University of Massachusetts Lowell,USA,222,367,528,218,936,943,321,946,304,36.49999652
885,Manchester Metropolitan University,United Kingdom,64,367,458,218,941,677,812,850,721,36.44444096
886,Nanjing Medical University,China,58,367,567,218,582,696,812,867,761,36.3888854
887,Kyoto Institute of Technology,Japan,67,367,567,218,982,868,812,921,287,36.33332984
888,Shanghai Normal University,China,59,367,463,218,919,950,812,850,871,36.27777428
889,Southwest University,China,60,268,567,218,695,897,645,867,669,36.22221872
890,Adam Mickiewicz University in Pozna¨½,Poland,5,150,567,218,675,775,812,932,657,36.16666316
891,University of Calcutta,India,14,140,346,209,964,900,645,994,424,36.1111076
892,University of P¨¦cs,Hungary,6,367,567,218,962,812,812,850,501,36.05555204
893,"Queens College, City University of New York",USA,223,323,374,218,977,690,812,886,729,35.99999648
894,University of Lleida,Spain,34,367,567,218,883,850,812,837,809,35.94444092
895,Nanjing University of Aeronautics and Astronautics,China,61,367,486,218,709,974,812,867,853,35.88888536
896,University of Western Brittany,France,46,367,567,218,840,616,812,850,599,35.8333298
897,University of North Carolina at Greensboro,USA,224,367,567,218,899,825,645,850,575,35.77777424
898,Pukyong National University,South Korea,33,367,567,218,906,962,812,896,356,35.72221868
899,Fourth Military Medical University,China,62,367,567,218,609,716,645,880,692,35.66666312
900,University of Fukui,Japan,68,367,567,218,950,797,812,850,610,35.61110756
901,University of Southern Mississippi,USA,225,367,567,218,913,853,812,850,676,35.555552
902,University of Mannheim,Germany,55,367,518,218,916,903,428,867,871,35.49999644
903,Shimane University,Japan,69,367,567,218,956,717,645,850,695,35.44444088
904,China University of Geosciences (Wuhan),China,63,367,558,218,928,639,428,867,752,35.38888532
905,University of Thessaly,Greece,7,367,567,218,875,984,812,850,871,35.33332976
906,Oakland University,USA,226,367,567,218,888,810,812,850,871,35.2777742
907,Wilfrid Laurier University,Canada,30,367,298,218,952,921,812,969,871,35.22221864
908,Teikyo University,Japan,70,367,567,218,966,767,812,850,803,35.16666308
909,Saitama University,Japan,71,367,349,218,959,609,511,932,545,35.11110752
910,Trent University,Canada,31,367,509,218,923,777,511,867,782,35.05555196
911,Nicolaus Copernicus University in Toru¨½,Poland,6,367,567,218,873,821,511,867,698,34.9999964
912,Tarbiat Modares University,Iran,4,367,567,218,769,991,812,867,871,34.94444084
913,University of North Dakota,USA,227,367,567,218,917,731,812,867,606,34.88888528
914,Isfahan University of Technology,Iran,5,367,567,218,682,923,645,880,871,34.83332972
915,Fluminense Federal University,Brazil,9,367,313,218,802,892,645,958,871,34.77777416
916,National Taiwan University of Science and Technology,Taiwan,15,367,567,218,598,991,812,886,823,34.7222186
917,University of Lethbridge,Canada,32,367,567,218,957,718,511,867,853,34.66666304
918,Federal University of Santa Catarina,Brazil,10,367,567,218,606,941,812,886,763,34.61110748
919,University of Camerino,Italy,46,367,567,218,903,826,812,867,724,34.55555192
920,University of BrasÃ­lia,Brazil,11,367,367,218,807,688,812,921,871,34.49999636
921,University of Wroc?aw,Poland,7,355,567,218,736,842,645,880,871,34.4444408
922,University of Basilicata,Italy,47,367,567,218,940,900,645,867,871,34.38888524
923,Jadavpur University,India,15,367,515,218,849,991,428,886,735,34.33332968
924,South China Normal University,China,64,367,452,218,674,912,645,906,744,34.27777412
925,University of Hyderabad,India,16,367,567,218,879,910,812,880,871,34.22221856
926,Ritsumeikan University,Japan,72,367,325,218,906,882,511,984,430,34.166663
927,Carlos III University of Madrid,Spain,35,367,567,218,643,958,812,946,383,34.11110744
928,University of Cyprus,Cyprus,1,367,567,218,820,896,645,886,816,34.05555188
929,University of Texas at El Paso,USA,228,367,442,218,910,838,812,906,706,33.99999632
930,University of C¨¢diz,Spain,36,367,567,218,850,816,812,969,311,33.94444076
931,Shahid Beheshti University of Medical Sciences,Iran,6,367,567,218,833,920,812,886,871,33.8888852
932,National Taiwan Normal University,Taiwan,16,367,478,218,731,939,645,906,871,33.83332964
933,National University of C¨®rdoba,Argentina,3,367,567,218,717,796,645,896,871,33.77777408
934,Federal University of Paran¨¢,Brazil,12,367,497,218,697,800,812,906,772,33.72221852
935,University of Ja¨¦n,Spain,37,367,567,218,920,871,645,896,563,33.66666296
936,"University of California, Merced",USA,229,367,567,218,899,540,812,906,491,33.6111074
937,University of Waikato,New Zealand,6,367,474,218,945,870,511,906,703,33.55555184
938,University of Central Lancashire,United Kingdom,65,367,494,218,946,603,511,906,749,33.49999628
939,Federal University of Pernambuco,Brazil,13,367,552,218,749,884,812,946,417,33.44444072
940,University of AlmerÃ­a,Spain,38,367,567,218,967,974,812,896,681,33.38888516
941,Federal University of S?o Carlos,Brazil,14,367,567,218,722,948,812,906,774,33.3333296
942,Charles Darwin University,Australia,27,367,567,218,931,742,645,896,871,33.27777404
943,Yangzhou University,China,65,367,567,218,891,873,812,896,871,33.22221848
944,Wroc?aw University of Technology,Poland,8,367,409,218,798,947,645,946,861,33.16666292
945,Hirosaki University,Japan,73,367,505,218,951,844,511,906,693,33.11110736
946,National Taiwan Ocean University,Taiwan,17,367,413,218,790,940,812,946,871,33.0555518
947,Jiangsu University,China,66,367,556,218,808,969,812,981,323,32.99999624
948,Northwestern Polytechnical University,China,67,367,351,218,566,962,812,989,871,32.94444068
949,Xiangtan University,China,68,367,384,218,862,935,812,958,778,32.88888512
950,United Arab Emirates University,United Arab Emirates,1,367,521,218,994,851,812,906,689,32.83332956
951,Gachon University,South Korea,34,367,567,218,918,880,812,932,451,32.777774
952,Hallym University,South Korea,35,367,567,218,884,908,812,921,565,32.72221844
953,Harbin Engineering University,China,69,367,567,218,970,991,645,906,839,32.66666288
954,Dokuz Eyl¨¹l University,Turkey,10,367,567,218,931,957,812,906,871,32.61110732
955,Jinan University,China,70,367,336,218,793,897,812,984,688,32.55555176
956,Shiraz University,Iran,7,367,567,218,865,962,645,921,871,32.4999962
957,Third Military Medical University,China,71,367,567,218,737,809,645,932,721,32.44444064
958,Amirkabir University of Technology,Iran,8,367,567,218,725,962,645,932,871,32.38888508
959,Public University of Navarre,Spain,39,367,567,218,972,831,812,921,697,32.33332952
960,Federico Santa MarÃ­a Technical University,Chile,4,367,567,218,955,923,368,946,645,32.27777396
961,Federal University of ABC,Brazil,15,367,567,218,929,923,645,921,871,32.2222184
962,University of Puerto Rico at Mayag¨¹ez,Puerto Rico,1,367,567,218,998,793,645,921,871,32.16666284
963,Southern Medical University,China,72,367,567,218,801,758,812,932,782,32.11110728
964,University of Silesia,Poland,9,367,567,218,867,864,511,932,871,32.05555172
965,Ain Shams University,Egypt,2,367,567,218,875,832,511,932,871,31.99999616
966,University of Valenciennes and Hainaut-Cambresis,France,47,367,567,218,866,950,645,932,871,31.9444406
967,Chung Shan Medical University,Taiwan,18,367,567,218,727,973,645,946,871,31.88888504
968,National University of Colombia,Colombia,2,367,312,218,871,732,812,994,861,31.83332948
969,South China Agricultural University,China,73,367,567,218,877,811,812,932,871,31.77777392
970,Ibaraki University,Japan,74,367,567,218,999,448,645,946,562,31.72221836
971,Fu Jen Catholic University,Taiwan,19,367,446,218,984,887,812,958,824,31.6666628
972,Hunan Normal University,China,74,367,567,218,923,917,812,932,871,31.61110724
973,Ulsan National Institute of Science and Technology,South Korea,36,367,567,218,880,912,645,984,349,31.55555168
974,Federal University of Santa Maria,Brazil,16,367,396,218,954,974,812,975,871,31.49999612
975,Shenzhen University,China,75,367,410,218,976,778,645,999,318,31.44444056
976,Tianjin Medical University,China,76,367,567,218,885,857,812,946,839,31.388885
977,Beijing University of Technology,China,77,367,567,218,780,950,812,969,512,31.33332944
978,University of Reims Champagne-Ardenne,France,48,367,567,218,967,884,645,958,544,31.27777388
979,Yuan Ze University,Taiwan,20,367,567,218,923,984,812,946,871,31.22221832
980,"University of Chemistry and Technology, Prague",Czech Republic,5,367,567,218,991,868,812,946,778,31.16666276
981,University of Limerick,Ireland,8,367,529,218,892,863,812,969,516,31.1111072
982,China Medical University (PRC),China,78,367,567,218,804,749,645,958,871,31.05555164
983,Feng Chia University,Taiwan,21,367,434,218,902,991,812,975,871,30.99999608
984,Zhejiang University of Technology,China,79,367,567,218,858,991,812,958,672,30.94444052
985,Novosibirsk State University,Russia,5,167,567,218,819,858,645,991,871,30.88888496
986,University of Bucharest,Romania,1,237,567,218,845,804,645,975,871,30.8333294
987,BabeÈ™-Bolyai University,Romania,2,367,567,218,874,855,812,958,871,30.77777384
988,Mansoura University,Egypt,3,367,567,218,987,969,645,958,871,30.72221828
989,University of Pau and Pays de l'Adour,France,49,367,567,218,980,991,812,958,809,30.66666272
990,Henan Normal University,China,80,367,567,218,959,991,812,958,871,30.61110716
991,Xidian University,China,81,367,542,218,830,974,812,984,434,30.5555516
992,Federal University of Bahia,Brazil,17,367,540,218,962,865,645,969,774,30.49999604
993,Southwest Jiaotong University,China,82,367,327,218,937,962,812,998,861,30.44444048
994,Ryerson University,Canada,33,367,567,218,811,969,511,975,756,30.38888492
995,King Abdulaziz University,Saudi Arabia,4,367,449,218,595,430,645,994,839,30.33332936
996,University of the Algarve,Portugal,7,367,567,218,926,845,812,969,816,30.2777738
997,Alexandria University,Egypt,4,236,566,218,997,908,645,981,871,30.22221824
998,Federal University of Cear¨¢,Brazil,18,367,549,218,830,823,812,975,824,30.16666268
999,University of A CoruÃ±a,Spain,40,367,567,218,886,974,812,975,651,30.11110712
1000,China Pharmaceutical University,China,83,367,567,218,861,991,812,981,547,30.05555156
